index,module,topic,color,feed,term,created,country,ratio,counter,pages,language,ipcc,continent
'dd346fd726',extremes,Cold Wave,#a7e9fa,wmo,Freezing 5 districts of Rajasthan,2026-01-15T12:14:00+00:00,India,0.8062205893331634,1,2,en,SAS,Asia
'08d82d11e8',extremes,Storm,#b3b2b1,wmo,Storm Western Arctic Coast,2026-01-15T12:14:00+00:00,United States,0.8047091420513637,1,3,en,CNA,North-America
'a53b782c59',extremes,Snow&Ice,#d60d2b,wmo,Freezing Canada,2026-01-15T10:56:00+00:00,Canada,0.7968128594166759,1,3,en,NEN,North-America
'531f521f39',extremes,Snow&Ice,#d60d2b,wmo,Frost United States,2026-01-15T10:56:00+00:00,United States,0.7967214577677688,1,3,en,CNA,North-America
'ba920c05ae',extremes,Earthquake,#870007,usgs,Earthquake Riverton,2026-02-03T04:27:00+00:00,New Zealand,0.7718598303672844,0,1,en,NZ,Oceania
'52e589d51e',extremes,Precipitation,#d60d2b,wmo,Rain New Zealand,2026-01-15T12:14:00+00:00,New Zealand,0.7718517669141143,0,1,en,NZ,Oceania
'0f7c486492',extremes,Wildfire,#d60d2b,wmo,Wildfire Arunachal Pradesh,2026-01-15T12:14:00+00:00,India,0.771850462009441,0,1,en,SAS,Asia
'60d823a47b',extremes,Storm,#b3b2b1,wmo,Storm United States,2026-01-15T10:56:00+00:00,United States,0.7717901225247122,0,1,en,CNA,North-America
'0452bbb3d4',extremes,Flood,#030ba1,wmo,Flooding Queensland Staaten River,2026-01-15T12:14:00+00:00,Australia,0.7717682331490883,0,1,en,CAU,Oceania
'83923f83ef',extremes,Storm,#b3b2b1,wmo,Storm Australia,2026-01-15T10:56:00+00:00,Australia,0.7717345221799186,0,1,en,CAU,Oceania
'869ef54b45',extremes,Storm,#b3b2b1,wmo,Storm Surge Kuskokwim Delta from 15 to 80 NM,2026-01-15T12:14:00+00:00,United States,0.7716339245641144,0,1,en,CNA,North-America
'625db112cc',extremes,Storm,#b3b2b1,wmo,Storm Surge Adak to Kiska Bering Side,2026-01-15T12:14:00+00:00,United States,0.7716268609727227,1,1,en,CNA,North-America
'8fab8ba9b2',extremes,Storm,#b3b2b1,wmo,Storm Surge Valdez Arm,2026-01-15T10:56:00+00:00,United States,0.7715882565645096,0,1,en,CNA,North-America
'89ab98ccc9',extremes,Snow&Ice,#d60d2b,wmo,Ice Livingston Ontario Allegany,2026-01-15T12:14:00+00:00,United States,0.7715853229609683,0,1,en,CNA,North-America
'a492c1f826',extremes,Storm,#b3b2b1,wmo,Storm Lake Okeechobee,2026-01-15T12:14:00+00:00,United States,0.7715765544340027,0,1,en,CNA,North-America
'04779cf92a',extremes,Snow&Ice,#d60d2b,wmo,Ice Jasper,2026-01-15T12:14:00+00:00,United States,0.7715727586692632,0,1,en,CNA,North-America
'79a70d20fa',extremes,Storm,#b3b2b1,wmo,Storm Surge Cross Sound,2026-01-15T12:14:00+00:00,United States,0.7715705311067513,0,1,en,CNA,North-America
'd661590904',extremes,Snow&Ice,#d60d2b,wmo,Freezing Potter Tioga,2026-01-15T12:14:00+00:00,United States,0.7715594064403447,0,1,en,CNA,North-America
'ab45e01c17',extremes,Snow&Ice,#d60d2b,wmo,Freezing Northern Herkimer Hamilton,2026-01-15T12:14:00+00:00,United States,0.7715456116056844,0,1,en,CNA,North-America
'c836ac82c0',extremes,Storm,#b3b2b1,wmo,Storm Surge Biscayne Bay,2026-01-15T12:14:00+00:00,United States,0.7715435582162103,0,1,en,CNA,North-America
'8b022b84c7',extremes,Wildfire,#d60d2b,wmo,Wildfire Madhya Pradesh,2026-01-15T10:56:00+00:00,India,0.7715401401489832,0,1,en,SAS,Asia
'f5cbe3ea20',extremes,Drought,#edc291,acwe,dry spell New South Wales,2026-01-15T12:14:00+00:00,Australia,0.7693758795524424,0,1,en,EAU,Oceania
'aa704a9a6b',extremes,Earthquake,#870007,usgs,Earthquake Gizo,2026-02-02T04:36:00+00:00,Solomon Islands,0.7690368684270371,0,1,en,EPO,Pacific Ocean
'8f9b19ab0f',extremes,Drought,#edc291,acwe,drought Victoria,2026-01-15T12:14:00+00:00,Australia,0.7680754906149039,0,1,en,SAU,Oceania
'84a2fde8e0',extremes,Heat Wave,#c40202,wmo,Heat Wave Australia,2026-01-15T10:56:00+00:00,Australia,0.7671943670461134,1,3,en,CAU,Oceania
'8ebd9f213e',extremes,Wildfire,#d60d2b,acwe,bushfire South Australia,2026-01-27T03:59:00+00:00,Australia,0.764596931429306,0,1,en,SAU,Oceania
'0d1bdfbccc',extremes,Cold Wave,#a7e9fa,wmo,Freezing India,2026-01-15T10:56:00+00:00,India,0.7642791224865733,1,3,en,SAS,Asia
'be45bca4a8',extremes,Fog,#d60d2b,wmo,Fog United States,2026-01-15T10:56:00+00:00,United States,0.7639648001213578,1,3,en,CNA,North-America
'c2f16b92e6',extremes,Drought,#edc291,edo,Lack of Rain Kenya,2026-01-19T04:03:00+00:00,Kenya,0.7629301331919158,0,1,en,SEAF,Africa
'0f0c46c2b9',extremes,Precipitation,#d60d2b,acwe,precipitation South Australia,2026-01-28T03:57:00+00:00,Australia,0.7621690984100018,0,1,en,SAU,Oceania
'96bc08d978',extremes,Drought,#edc291,acwe,low water level Northern Territory,2026-01-15T10:57:00+00:00,Australia,0.7619222535006943,0,1,en,CAU,Oceania
'854af57bd3',extremes,Fog,#d60d2b,wmo,Fog Canada,2026-01-15T10:56:00+00:00,Canada,0.7610382781554963,1,3,en,NEN,North-America
'64476ecf6f',extremes,Precipitation,#d60d2b,acwe,heavy rain South Australia,2026-01-27T03:59:00+00:00,Australia,0.7604932938406109,0,1,en,CAU,Oceania
'b038b7c94e',extremes,Earthquake,#870007,usgs,Earthquake Solomon Islands,2026-01-18T03:56:00+00:00,Solomon Islands,0.7554825672260623,0,1,en,SPO,Oceania
'd3631dea16',extremes,Thunderstorm,#53785a,wmo,Hail Jamaica,2026-02-05T04:27:00+00:00,Jamaica,0.7547390659867769,0,1,en,CAR,North-America
'df9ca5fc9c',extremes,Storm,#b3b2b1,wmo,Storm Marlborough Sounds,2026-02-03T04:27:00+00:00,New Zealand,0.7527220558468796,0,1,en,NZ,Oceania
'51b14c1443',extremes,Flood,#030ba1,aidr,Flood Geelong Victoria 2016,2026-01-18T03:57:00+00:00,Australia,0.7524011481452269,0,1,en,SAU,Oceania
'236d7a616f',extremes,Precipitation,#d60d2b,wmo,Precipitation Solomon Islands,2026-01-30T04:21:00+00:00,Solomon Islands,0.7514797599484364,0,1,en,EPO,Oceania
'f9dfdaae17',extremes,Precipitation,#d60d2b,wmo,Torrential Rain Solomon Islands,2026-01-20T03:56:00+00:00,Solomon Islands,0.7514438280159347,0,1,en,EPO,Oceania
'f497a982c3',extremes,Storm,#b3b2b1,wmo,Storm Surge Solomon Islands,2026-01-19T04:03:00+00:00,Solomon Islands,0.7505897482144618,0,1,en,EPO,Oceania
'4712445a4d',extremes,Flood,#030ba1,wmo,Flashflood Queensland Gilbert River,2026-01-15T10:56:00+00:00,Australia,0.7504190262110629,0,1,en,CAU,Oceania
'982ec95067',extremes,Wildfire,#d60d2b,wmo,Wildfire Victoria North East,2026-02-01T04:41:00+00:00,Australia,0.7504091203001193,0,1,en,CAU,Oceania
'037bb37761',extremes,Flood,#030ba1,wmo,Flood United States,2026-01-15T10:56:00+00:00,United States,0.7502161928663358,0,1,en,CNA,North-America
'27fd81d198',extremes,Storm,#b3b2b1,wmo,Storm Solomon Islands,2026-01-29T04:19:00+00:00,Solomon Islands,0.7499686896925986,0,1,en,EPO,Oceania
'84f30e1888',extremes,Cold Wave,#a7e9fa,wmo,Cold Wave 4 districts of Haryana,2026-01-22T03:59:00+00:00,India,0.7494771865271368,0,1,en,SAS,Asia
'3bacdb81c7',extremes,Flood,#030ba1,wmo,Flashflood Canada,2026-02-03T04:27:00+00:00,Canada,0.7492518487577842,0,1,en,NEN,North-America
'd3ea8177c3',extremes,Flood,#030ba1,wmo,Flooding United States,2026-01-15T10:56:00+00:00,United States,0.7492107388528172,0,1,en,CNA,North-America
'087c387775',extremes,Storm,#b3b2b1,wmo,Storm All waters of SI,2026-01-30T04:21:00+00:00,Solomon Islands,0.7491145851985298,0,1,en,EPO,Oceania
'b40495b93f',extremes,Precipitation,#d60d2b,wmo,Precipitation New Zealand,2026-01-19T04:03:00+00:00,New Zealand,0.7490857970383236,0,1,en,NZ,Oceania
'01aa566f43',extremes,Storm,#b3b2b1,wmo,Storm Surge Westland and Grey districts,2026-02-03T04:27:00+00:00,New Zealand,0.7487490425395283,0,1,en,NZ,Oceania
'4340743979',extremes,Tropical Cyclone,#4f4f4f,aidr,Cyclone Cyclone Grant Katherine floods train derailment chemical spill,2026-01-15T12:14:00+00:00,Australia,0.7486419361138564,0,1,en,NAU,Oceania
'9d78e3f2f2',extremes,Flood,#030ba1,wmo,Flood Newaygo MI,2026-02-02T04:36:00+00:00,United States,0.7481730604677905,0,1,en,CNA,North-America
'b2bc2d0c7f',extremes,Snow Avalanche,#deddd5,wmo,Avalanche India,2026-01-25T04:06:00+00:00,India,0.7480321674108683,0,1,en,SAS,Asia
'7d13279eb3',extremes,Storm,#b3b2b1,wmo,Storm Surge Jamaica,2026-01-20T03:56:00+00:00,Jamaica,0.7480086184873028,0,1,en,CAR,North-America
'edcb89e9c3',extremes,Earthquake,#870007,usgs,Earthquake Papua New Guinea,2026-01-15T10:56:00+00:00,Papua New Guinea,0.7480050213453181,1,2,en,SEA,Asia
'3e797c4058',extremes,Earthquake,#870007,usgs,Earthquake Fiji,2026-01-15T10:56:00+00:00,Fiji,0.7479717509838929,1,2,en,SPO,Pacific Ocean
'29d2fdd6ce',extremes,Precipitation,#d60d2b,wmo,Torrential Rain New Zealand,2026-01-15T10:56:00+00:00,New Zealand,0.747693836463368,0,1,en,NZ,Oceania
'56ec713a70',extremes,Tropical Cyclone,#4f4f4f,aidr,Cyclone Cyclone Marcia Queensland 2015,2026-01-26T04:09:00+00:00,Australia,0.747671343007232,0,1,en,EAU,Oceania
'2c8ab498e2',extremes,Precipitation,#d60d2b,wmo,Rain ALL Provinces,2026-01-29T04:19:00+00:00,Solomon Islands,0.7476077848213042,0,1,en,EPO,Oceania
'cce4634973',extremes,Drought,#edc291,edo,Dry Spell Kenya,2026-01-15T10:57:00+00:00,Kenya,0.7475380779085115,1,2,en,SEAF,Africa
'7f706810c1',extremes,Flood,#030ba1,wmo,Flood United Kingdom,2026-01-26T04:09:00+00:00,United Kingdom,0.7474831851127214,0,1,en,NEU,Europe
'b0903e574b',extremes,Storm,#b3b2b1,wmo,Storm Ireland,2026-01-20T03:56:00+00:00,Ireland,0.7473733245881562,0,1,en,NEU,Europe
'bc92de09b1',extremes,Flood,#030ba1,wmo,Flashflood United Kingdom,2026-01-23T04:03:00+00:00,United Kingdom,0.7472130373049952,0,1,en,NEU,Europe
'8ade601e1d',extremes,Precipitation,#d60d2b,wmo,Downpour New Zealand,2026-01-18T03:57:00+00:00,New Zealand,0.7468426836567945,0,1,en,NZ,Oceania
'5a8587427b',extremes,Snow&Ice,#d60d2b,wmo,Freezing United States,2026-01-15T10:56:00+00:00,United States,0.7427403332469223,1,3,en,CNA,North-America
'80e021d8c4',extremes,Snow&Ice,#d60d2b,wmo,Ice United States,2026-01-15T10:56:00+00:00,United States,0.7386193169860586,1,3,en,CNA,North-America
'f2cea183b1',extremes,Cold Wave,#a7e9fa,wmo,Cold Wave 5 districts of Rajasthan,2026-01-15T10:56:00+00:00,India,0.7316515784314582,1,2,en,SAS,Asia
'560d242cd5',extremes,Storm,#b3b2b1,wmo,Storm Canada,2026-01-15T10:56:00+00:00,Canada,0.7249560723141301,1,2,en,NEN,North-America
'6f60f45443',extremes,Snow&Ice,#d60d2b,cmeter,North American Winter Storm New York,2026-01-31T04:17:00+00:00,United States,0.7242441704094061,1,2,en,ENA,North-America
'b1b3df41d6',extremes,Thunderstorm,#53785a,wmo,Thunderstorm Australia,2026-01-15T10:56:00+00:00,Australia,0.7166790498249905,1,2,en,CAU,Oceania
'628c910b11',extremes,Flood,#030ba1,aidr,Flood Flooding New South Wales 2022,2026-02-01T04:41:00+00:00,Australia,0.712466565211765,1,1,en,EAU,Oceania
'f199635353',extremes,Earthquake,#870007,usgs,Earthquake Morigaon,2026-01-15T10:56:00+00:00,India,0.7116068418812012,1,1,en,SAS,Asia
'f1966df415',extremes,Thunderstorm,#53785a,wmo,Hail Australia,2026-01-15T10:56:00+00:00,Australia,0.7109989005315779,1,2,en,CAU,Oceania
'432bab655c',extremes,Wildfire,#d60d2b,eonet,Wildfire United States,2026-01-15T10:56:00+00:00,United States,0.7105701523282294,1,2,en,CNA,North-America
'06972a2776',extremes,Flood,#030ba1,acwe,flash flood New South Wales,2026-01-31T04:17:00+00:00,Australia,0.7104000759615607,1,1,en,EAU,Oceania
'c8a777de4f',extremes,Tropical Cyclone,#4f4f4f,aidr,landfall Australia,2026-01-15T10:57:00+00:00,Australia,0.7079435751114173,1,1,en,NAU,Oceania
'e3e012c1ea',extremes,Snow&Ice,#d60d2b,wmo,Frost India,2026-01-15T12:14:00+00:00,India,0.7077418496824676,1,2,en,SAS,Asia
'1af32d0d90',extremes,Precipitation,#d60d2b,wmo,Rain Canada,2026-01-15T10:56:00+00:00,Canada,0.7056851477790832,1,2,en,NEN,North-America
'd79796a1fe',extremes,Thunderstorm,#53785a,wmo,Severe Weather Australia,2026-01-15T10:56:00+00:00,Australia,0.7045861847789077,1,2,en,CAU,Oceania
'5e4bef8c2c',extremes,Cold Wave,#a7e9fa,wmo,Cold Wave India,2026-01-15T10:56:00+00:00,India,0.7030731866106937,1,2,en,SAS,Asia
'485794e3d4',extremes,Earthquake,#870007,usgs,Earthquake Canada,2026-01-15T12:13:00+00:00,Canada,0.7001152012249326,1,2,en,NWN,North-America
'3296e9a239',extremes,Flood,#030ba1,aidr,torrential rain Australia,2026-01-15T10:57:00+00:00,Australia,0.6974088745517852,1,1,en,EAU,Oceania
'885597e0f4',extremes,Wildfire,#d60d2b,wmo,Wildfire Australia,2026-01-15T10:56:00+00:00,Australia,0.6966350723634106,1,2,en,CAU,Oceania
'ebbb5bceab',extremes,Flood,#030ba1,aidr,Flood North and Central Queensland,2026-01-15T12:14:00+00:00,Australia,0.6956905844170125,1,2,en,NAU,Oceania
'0f62c5618c',extremes,Storm,#b3b2b1,wmo,Storm Surge United States,2026-01-15T10:56:00+00:00,United States,0.6935887374737542,1,2,en,CNA,North-America
'7a2481f0b1',extremes,Flood,#030ba1,aidr,river flooding Australia,2026-01-15T10:57:00+00:00,Australia,0.6918862372119597,1,2,en,EAU,Oceania
'3f3ddd0b49',extremes,Earthquake,#870007,usgs,Earthquake India,2026-01-15T10:56:00+00:00,India,0.6910299707674382,1,2,en,SAS,Asia
'0b40d28ca0',extremes,Snow&Ice,#d60d2b,wmo,Ice Canada,2026-01-15T10:56:00+00:00,Canada,0.6883248782746255,1,2,en,NEN,North-America
'8c46315dbe',extremes,Earthquake,#870007,aidr,earthquake Australia,2026-01-15T10:57:00+00:00,Australia,0.6876976222933846,1,2,en,EAU,Oceania
'970305e1b7',extremes,Precipitation,#d60d2b,wmo,Downpour Canada,2026-01-15T10:56:00+00:00,Canada,0.6857993911483189,2,2,en,NEN,North-America
'9590c197ce',extremes,Snow&Ice,#d60d2b,wmo,Ice Central Brooks Range,2026-01-15T10:56:00+00:00,United States,0.6856040410393358,2,1,en,CNA,North-America
'7dc96a35fd',extremes,Thunderstorm,#53785a,wmo,Thunderstorm New Zealand,2026-01-15T12:14:00+00:00,New Zealand,0.6854271220297079,2,1,en,NZ,Oceania
'02f56319a7',extremes,Flood,#030ba1,wmo,Flood Australia,2026-01-15T10:56:00+00:00,Australia,0.6825074941014392,1,2,en,CAU,Oceania
'f200ff28aa',extremes,Earthquake,#870007,usgs,Earthquake United States,2026-01-15T10:56:00+00:00,United States,0.6820033841893288,1,2,en,WNA,North-America
'6797a9705d',extremes,Drought,#edc291,edo,Drought Jamaica,2026-01-15T10:57:00+00:00,Jamaica,0.6816308629020777,1,2,en,CAR,North-America
'4faeae3d65',extremes,Snow Avalanche,#deddd5,wmo,Avalanche United States,2026-01-15T10:56:00+00:00,United States,0.6791693747153396,1,2,en,CNA,North-America
'721b7d6185',extremes,Drought,#edc291,wmo,Drought United States,2026-01-15T10:56:00+00:00,United States,0.6790191620285346,1,2,en,CNA,North-America
'0dad6cb33a',extremes,Snow&Ice,#d60d2b,wmo,Snow Gatineau,2026-01-15T10:56:00+00:00,Canada,0.6788007733877839,1,1,en,NEN,North-America
'44211c95de',extremes,Flood,#030ba1,wmo,Flooding Australia,2026-01-15T10:56:00+00:00,Australia,0.6782701316059332,1,2,en,CAU,Oceania
'3894a694d1',extremes,Flood,#030ba1,aidr,flash flood Australia,2026-01-15T10:57:00+00:00,Australia,0.6776863485644264,2,1,en,EAU,Oceania
'0fbe8e5718',extremes,Storm,#b3b2b1,wmo,Storm Surge Australia,2026-01-15T10:56:00+00:00,Australia,0.6759181869374504,1,1,en,CAU,Oceania
'91c96e0c29',extremes,Snow&Ice,#d60d2b,wmo,Ice Graham,2026-01-15T10:56:00+00:00,United States,0.6757788324296173,1,2,en,CNA,North-America
'3388f3d3d6',extremes,Drought,#edc291,acwe,lack of rain Australia,2026-01-15T10:57:00+00:00,Australia,0.6743706138273986,1,2,en,CAU,Oceania
'45f861329d',extremes,Landslide,#572c03,aidr,Landslide Adelaide Hills South Australia,2026-01-15T10:57:00+00:00,Australia,0.6733658926821334,1,1,en,SAU,Oceania
'5bbe9c0082',extremes,Storm,#b3b2b1,wmo,Storm Surge Canada,2026-01-15T10:56:00+00:00,Canada,0.6733146384718875,2,1,en,NEN,North-America
'ebe314dd99',extremes,Flood,#030ba1,aidr,Heavy rainfall and floods Queensland February 2020,2026-01-15T10:57:00+00:00,Australia,0.6730205327891811,1,1,en,EAU,Oceania
'6852666385',extremes,Earthquake,#870007,usgs,Earthquake Port Mathurin,2026-01-15T12:13:00+00:00,Mauritius,0.6729085247306879,1,1,en,SIO,Indian Ocean
'6b1cc9478a',extremes,Earthquake,#870007,usgs,Earthquake Mabaruma,2026-01-15T10:56:00+00:00,Guyana,0.6728433461369755,1,1,en,NSA,South-America
'f4e7397282',extremes,Tsunami,#690191,usgs,Tsunami Port Alsworth,2026-01-15T10:56:00+00:00,United States,0.6728240742877674,1,1,en,NWN,North-America
'f8fc7b9a8d',extremes,Tsunami,#690191,usgs,Tsunami Yakutat,2026-01-15T10:56:00+00:00,Canada,0.6727974941338687,1,1,en,NWN,North-America
'c605f8759a',extremes,Earthquake,#870007,usgs,Earthquake Guam,2026-01-15T10:56:00+00:00,Guam,0.6727850382142132,1,1,en,NPO,Pacific Ocean
'51dfc3f3e1',extremes,Earthquake,#870007,usgs,Earthquake Kokopo,2026-01-15T10:56:00+00:00,Papua New Guinea,0.6727488627082778,1,1,en,EPO,Pacific Ocean
'6bf5e2061d',extremes,Earthquake,#870007,usgs,Earthquake Castlepoint,2026-01-15T10:56:00+00:00,New Zealand,0.6727190820545226,1,1,en,NZ,Oceania
'8bf8909453',extremes,Earthquake,#870007,usgs,Earthquake Levuka,2026-01-15T10:56:00+00:00,Fiji,0.6726510896715825,1,1,en,SPO,Pacific Ocean
'2fa9116266',extremes,Earthquake,#870007,usgs,Earthquake Port Alsworth,2026-01-15T12:13:00+00:00,United States,0.6726405571913151,1,1,en,NWN,North-America
'c797f587a9',extremes,Flood,#030ba1,aidr,Flood Boonah Queensland,2026-01-15T10:57:00+00:00,Australia,0.6726265686225559,1,1,en,EAU,Oceania
'ad41fee440',extremes,Earthquake,#870007,usgs,Earthquake Lata,2026-01-15T10:56:00+00:00,Solomon Islands,0.6725980804069263,1,1,en,SPO,Oceania
'08226562a9',extremes,Earthquake,#870007,usgs,Earthquake Fais,2026-01-15T10:56:00+00:00,Micronesia,0.6722311354326312,1,1,en,NPO,Pacific Ocean
'0816dd344b',extremes,Earthquake,#870007,usgs,Earthquake Lae,2026-01-15T10:56:00+00:00,Papua New Guinea,0.6721332027148464,1,1,en,SEA,Asia
'ebe3f8a23f',extremes,Drought,#edc291,edo,Lack of Rain Kiribati,2026-01-15T10:57:00+00:00,Kiribati,0.6720019228600462,1,1,en,EAO,Atlantic Ocean
'3c0d8a70ba',extremes,Earthquake,#870007,usgs,Earthquake Finschhafen,2026-01-15T12:13:00+00:00,Papua New Guinea,0.6719254066571003,1,1,en,SEA,Asia
'99549776e6',extremes,Drought,#edc291,edo,Drought Papua New Guinea,2026-01-15T10:57:00+00:00,Papua New Guinea,0.6719185005769699,1,1,en,EPO,Pacific Ocean
'5a7935db1c',extremes,Drought,#edc291,edo,Drought Eswatini,2026-01-15T10:57:00+00:00,Eswatini,0.6719155623668667,1,1,en,ESAF,Africa
'bba49c53eb',extremes,Drought,#edc291,edo,Lack of Rain Norfolk Island,2026-01-15T10:57:00+00:00,Norfolk Island,0.6719082869597736,1,1,en,SPO,Pacific Ocean
'fd25f2baec',extremes,Drought,#edc291,edo,Dryness Seychelles,2026-01-15T10:57:00+00:00,Seychelles,0.6718996395921012,1,1,en,EIO,Indian Ocean
'93760c82eb',extremes,Drought,#edc291,edo,Dryness Lesotho,2026-01-15T10:57:00+00:00,Lesotho,0.6718936595945971,1,1,en,ESAF,Africa
'bc178afc30',extremes,Drought,#edc291,edo,Dryness Mauritius,2026-01-15T10:57:00+00:00,Mauritius,0.6718831346940027,1,1,en,SIO,Indian Ocean
'fada59714f',extremes,Drought,#edc291,edo,Lack of Rain Zambia,2026-01-15T10:57:00+00:00,Zambia,0.6718651965553554,1,1,en,ESAF,Africa
'02f4a27a12',extremes,Earthquake,#870007,usgs,Earthquake Mendi,2026-01-15T12:13:00+00:00,Papua New Guinea,0.6718111944954364,1,1,en,SEA,Oceania
'b17a7abcd9',extremes,Drought,#edc291,edo,Drought Grenada,2026-01-15T10:57:00+00:00,Grenada,0.6717962589765286,1,1,en,CAR,North-America
'2072c25fd3',extremes,Drought,#edc291,edo,Dry Spell Guyana,2026-01-15T10:57:00+00:00,Guyana,0.6717943080116013,1,1,en,NSA,South-America
'474905c6c6',extremes,Drought,#edc291,edo,Lack of Rain Namibia,2026-01-15T10:57:00+00:00,Namibia,0.6717699836803883,1,1,en,WSAF,Africa
'04bee72edb',extremes,Drought,#edc291,edo,Lack of Rain Antigua and Barbuda,2026-01-15T10:57:00+00:00,Antigua and Barbuda,0.6717263773371323,1,1,en,CAR,North-America
'7e642c0883',extremes,Drought,#edc291,edo,Dry Spell Anguilla,2026-01-15T10:57:00+00:00,Anguilla,0.6717250869443375,1,1,en,CAR,North-America
'8d4d1faca9',extremes,Drought,#edc291,edo,Lack of Rain Dominica,2026-01-15T10:57:00+00:00,Dominica,0.671675160057324,1,1,en,CAR,North-America
'dbcb53ece4',extremes,Snow&Ice,#d60d2b,wmo,Snow Canada,2026-01-15T10:56:00+00:00,Canada,0.6702572976061486,1,2,en,NEN,North-America
'f314bb7747',extremes,Flood,#030ba1,aidr,pluvial flooding Australia,2026-01-15T10:57:00+00:00,Australia,0.6694063130489125,1,1,en,SAU,Oceania
'541f3fa0f3',extremes,Storm,#b3b2b1,wmo,Storm Cross Sound,2026-01-15T10:56:00+00:00,United States,0.6658472386642746,1,2,en,CNA,North-America
'982d97b8ec',extremes,Earthquake,#870007,usgs,Earthquake Susanville,2026-01-15T12:13:00+00:00,United States,0.6646544718628797,2,1,en,WNA,North-America
'1a066ba374',extremes,Heat Wave,#c40202,acwe,warm spell Victoria,2026-01-30T04:22:00+00:00,Australia,0.6643124059600615,1,1,en,SAU,Oceania
'b5bfafc451',extremes,Drought,#edc291,edo,Lack of Rain United States Minor Outlying Islands,2026-01-15T10:57:00+00:00,United States Minor Outlying Islands,0.6641588881084023,2,2,en,WAF,Africa
'255621cc4c',extremes,Earthquake,#870007,usgs,Earthquake Panguna,2026-01-31T04:16:00+00:00,Papua New Guinea,0.6631656417432863,1,1,en,EPO,Pacific Ocean
'381ceff412',extremes,Earthquake,#870007,usgs,Earthquake Kimbe,2026-01-29T04:18:00+00:00,Papua New Guinea,0.6620739149765145,1,1,en,EPO,Pacific Ocean
'e5e64ee526',extremes,Flood,#030ba1,aidr,Flood Katherine Northern Territory,2026-01-15T12:14:00+00:00,Australia,0.6607549978510294,1,1,en,NAU,Oceania
'6fc6c9445e',extremes,Snow&Ice,#d60d2b,wmo,Freezing Australia,2026-01-15T12:14:00+00:00,Australia,0.6606451774761297,1,2,en,CAU,Oceania
'9044bc0335',extremes,Earthquake,#870007,usgs,Earthquake Georgetown,2026-01-21T03:55:00+00:00,Saint Helena,0.660630698504764,1,1,en,SAO,Atlantic Ocean
'4aada2ec79',extremes,Precipitation,#d60d2b,wmo,Rain United Kingdom,2026-01-15T12:14:00+00:00,United Kingdom,0.6604599148631268,1,2,en,NEU,Europe
'5ac93302d8',extremes,Snow&Ice,#d60d2b,wmo,Frost Australia,2026-01-15T12:14:00+00:00,Australia,0.6598593708544017,1,2,en,CAU,Oceania
'3336c980ab',extremes,Earthquake,#870007,usgs,Earthquake Saint Helena,2026-01-21T03:55:00+00:00,Saint Helena,0.6593412844609065,1,1,en,EAO,Atlantic Ocean
'7bd46b5588',extremes,Flood,#030ba1,wmo,Flooding Queensland Norman River,2026-01-15T12:14:00+00:00,Australia,0.6575007420785057,1,1,en,CAU,Oceania
'a0068b2b6b',extremes,Flood,#030ba1,aidr,Flood Rainfall and Flooding Queensland February March 2022,2026-01-15T10:57:00+00:00,Australia,0.6574238744327005,1,1,en,EAU,Oceania
'42f9f7020d',extremes,Heat Wave,#c40202,acwe,warm spell New South Wales,2026-02-02T04:37:00+00:00,Australia,0.6573354485376904,1,1,en,EAU,Oceania
'521b639732',extremes,Tropical Cyclone,#4f4f4f,aidr,Cyclone Oswald Queensland New South Wales 2013,2026-02-05T04:28:00+00:00,Australia,0.6570235576913078,1,1,en,NAU,Oceania
'aef4c7cec9',extremes,Earthquake,#870007,aidr,Earthquake Christchurch New Zealand 2011,2026-01-29T04:19:00+00:00,New Zealand,0.6567676153649963,1,1,en,NZ,Oceania
'e921e2b0b7',extremes,Flood,#030ba1,aidr,Flood Severe Flooding from ex Tropical Cyclone Tiffany South Australia 2022,2026-01-17T03:45:00+00:00,Australia,0.6566241406812731,1,1,en,SAU,Oceania
'bbc9d44319',extremes,Storm,#b3b2b1,wmo,Storm Northwest Prince William Sound,2026-01-15T10:56:00+00:00,United States,0.6565065005244539,1,1,en,CNA,North-America
'cc7bbe599c',extremes,Storm,#b3b2b1,wmo,Storm Starke,2026-01-15T10:56:00+00:00,United States,0.656504803231168,1,1,en,CNA,North-America
'2474f8e864',extremes,Storm,#b3b2b1,wmo,Storm Passage Canal,2026-01-15T10:56:00+00:00,United States,0.656497613746058,1,1,en,CNA,North-America
'b0f83fba29',extremes,Snow&Ice,#d60d2b,wmo,Snow Marshall Cass,2026-01-15T10:56:00+00:00,United States,0.6564935345713169,1,1,en,CNA,North-America
'517e4b4a9e',extremes,Storm,#b3b2b1,wmo,Storm Northern Lynn Canal,2026-01-15T10:56:00+00:00,United States,0.6563562403345549,1,1,en,CNA,North-America
'0bc923d7b5',extremes,Storm,#b3b2b1,wmo,Storm Surge Northern Rosebud Southern Rosebud,2026-01-15T10:56:00+00:00,United States,0.6563558265650974,1,1,en,CNA,North-America
'4042a711c6',extremes,Storm,#b3b2b1,wmo,Storm Coastal Collier County,2026-01-15T10:56:00+00:00,United States,0.6563550257502345,1,1,en,CNA,North-America
'fb79db23fd',extremes,Storm,#b3b2b1,wmo,Storm Surge Chevery Blanc Sablon,2026-01-15T10:56:00+00:00,Canada,0.6563548600063006,1,1,en,NEN,North-America
'ddf79ea789',extremes,Storm,#b3b2b1,wmo,Storm Surge Jefferson Lewis,2026-01-15T10:56:00+00:00,United States,0.6563527492696607,1,1,en,CNA,North-America
'2892788cb2',extremes,Storm,#b3b2b1,wmo,Storm Geneva on the Lake to Conneaut OH,2026-01-15T10:56:00+00:00,United States,0.6563522710127107,1,1,en,CNA,North-America
'476e61e032',extremes,Storm,#b3b2b1,wmo,Storm Surge Monroe Wayne Northern Cayuga,2026-01-15T10:56:00+00:00,United States,0.6563444164404818,1,1,en,CNA,North-America
'a2bf9bf375',extremes,Storm,#b3b2b1,wmo,Storm Surge Southwest Prince William Sound,2026-01-15T10:56:00+00:00,United States,0.6563428233062362,1,1,en,CNA,North-America
'523317fb20',extremes,Snow&Ice,#d60d2b,wmo,Snow Kivalina and Red Dog Dock,2026-01-15T10:56:00+00:00,United States,0.6563411959847295,1,1,en,CNA,North-America
'556b42e0d1',extremes,Storm,#b3b2b1,wmo,Storm Majuro Coastal Waters,2026-01-15T10:56:00+00:00,United States,0.6563397791488136,1,1,en,CNA,North-America
'290dcf50e4',extremes,Storm,#b3b2b1,wmo,Storm Surge Southern Lynn Canal,2026-01-15T10:56:00+00:00,United States,0.6563282993041473,1,1,en,CNA,North-America
'bd4355d0ec',extremes,Snow&Ice,#d60d2b,wmo,Ice Kangiqsujuaq Raglan Lake,2026-01-15T10:56:00+00:00,Canada,0.6563264209968092,1,1,en,NEN,North-America
'565ef25bc4',extremes,Storm,#b3b2b1,wmo,Storm Surge Bristol Bay greater than 15 NM,2026-01-15T10:56:00+00:00,United States,0.6563238641613712,1,1,en,CNA,North-America
'69dfb15ea7',extremes,Storm,#b3b2b1,wmo,Storm Adak to Kiska Bering Side,2026-01-15T10:56:00+00:00,United States,0.6563122200615548,1,1,en,CNA,North-America
'7c64f9cf4f',extremes,Snow&Ice,#d60d2b,wmo,Snow Saint Matthew Island Waters,2026-01-15T10:56:00+00:00,United States,0.6563045004345754,1,1,en,CNA,North-America
'ea2d09062f',extremes,Snow&Ice,#d60d2b,wmo,Ice Mason Oceana,2026-01-15T10:56:00+00:00,United States,0.656300981870203,1,1,en,CNA,North-America
'8d0d34d451',extremes,Flood,#030ba1,wmo,Flood Queensland Leichhardt River,2026-01-15T10:56:00+00:00,Australia,0.6562982597865555,1,1,en,CAU,Oceania
'e90c937029',extremes,Snow&Ice,#d60d2b,wmo,Ice Saint Matthew Island Waters,2026-01-15T10:56:00+00:00,United States,0.6562580100719954,1,1,en,CNA,North-America
'61025741bb',extremes,Snow&Ice,#d60d2b,wmo,Snow Glades Hendry,2026-01-15T10:56:00+00:00,United States,0.6562566034236108,1,1,en,CNA,North-America
'0d0b4f15b5',extremes,Snow&Ice,#d60d2b,wmo,Freezing Gatineau,2026-01-15T12:14:00+00:00,Canada,0.6561966617455547,1,1,en,NEN,North-America
'ffc8128219',extremes,Precipitation,#d60d2b,wmo,Downpour Auckland and Waikato,2026-01-15T10:56:00+00:00,New Zealand,0.6561754615421693,1,1,en,NZ,Oceania
'8c973db015',extremes,Fog,#d60d2b,wmo,Fog Western Siskiyou County,2026-01-15T12:14:00+00:00,United States,0.6561753466387032,1,1,en,CNA,North-America
'0f7c09d3e3',extremes,Storm,#b3b2b1,wmo,Storm Barren Islands East,2026-01-15T10:56:00+00:00,United States,0.6560997209948031,1,1,en,CNA,North-America
'271200cbb0',extremes,Wildfire,#d60d2b,wmo,Wildfire Andhra Pradesh,2026-01-15T10:56:00+00:00,India,0.6560895562128841,1,1,en,SAS,Asia
'b46a44d87f',extremes,Precipitation,#d60d2b,wmo,Downpour Canterbury north of Banks Peninsula,2026-01-15T12:14:00+00:00,New Zealand,0.6560824580054088,1,1,en,NZ,Oceania
'6d843df4ba',extremes,Precipitation,#d60d2b,wmo,Downpour Bay of Plenty and Rotorua,2026-01-15T12:14:00+00:00,New Zealand,0.6560784827907726,1,1,en,NZ,Oceania
'4e03bb2fcd',extremes,Storm,#b3b2b1,wmo,Storm Natashquan Anticosti,2026-01-15T12:14:00+00:00,Canada,0.6560731504910327,1,1,en,NEN,North-America
'3dea46c095',extremes,Flood,#030ba1,wmo,Flashflood United States,2026-01-15T10:56:00+00:00,United States,0.6560715857115589,1,1,en,CNA,North-America
'8db658717e',extremes,Flood,#030ba1,wmo,Flashflood Australia,2026-01-15T10:56:00+00:00,Australia,0.6560684321833367,1,1,en,CAU,Oceania
'74489c2083',extremes,Storm,#b3b2b1,wmo,Storm Surge Big Island Summit,2026-01-15T12:14:00+00:00,United States,0.6560472299906621,1,1,en,CNA,North-America
'e16f88d8d0',extremes,Storm,#b3b2b1,wmo,Storm Surge Barren Islands East,2026-01-15T12:14:00+00:00,United States,0.6560422135455573,1,1,en,CNA,North-America
'66365f45cb',extremes,Flood,#030ba1,wmo,Flashflood George MS Greene MS Perry MS,2026-01-15T12:14:00+00:00,United States,0.6560384750922815,1,1,en,CNA,North-America
'f1019711ee',extremes,Wildfire,#d60d2b,wmo,Wildfire Sedgwick County Phillips County,2026-01-15T10:56:00+00:00,United States,0.6560353931105788,1,1,en,CNA,North-America
'b02ec47c6e',extremes,Flood,#030ba1,wmo,Flashflood St. Tammany LA,2026-01-15T12:14:00+00:00,United States,0.6560317046944534,1,1,en,CNA,North-America
'920e2491f3',extremes,Flood,#030ba1,wmo,Flashflood Southern Kenai Mtns,2026-01-15T12:14:00+00:00,United States,0.6560087657204616,1,1,en,CNA,North-America
'af3a97556f',extremes,Flood,#030ba1,wmo,Flashflood Queensland Nogoa River,2026-01-15T10:56:00+00:00,Australia,0.656008158594633,1,1,en,CAU,Oceania
'4121ea2e8c',extremes,Storm,#b3b2b1,wmo,Storm Marmot Bay,2026-01-15T12:14:00+00:00,United States,0.6560061289242624,1,1,en,CNA,North-America
'28e5039f57',extremes,Flood,#030ba1,wmo,Flood Queensland Nogoa River,2026-01-15T10:56:00+00:00,Australia,0.6559991959911535,1,1,en,CAU,Oceania
'463a80336c',extremes,Flood,#030ba1,wmo,Flooding Queensland Barcoo River,2026-01-15T12:14:00+00:00,Australia,0.6559963805078661,1,1,en,CAU,Oceania
'f22b6601a9',extremes,Flood,#030ba1,wmo,Flashflood Oahu in Honolulu HI,2026-01-15T12:14:00+00:00,United States,0.6559845502964875,1,1,en,CNA,North-America
'4119e8a01e',extremes,Flood,#030ba1,wmo,Flooding Northern Territory Mary River,2026-01-15T12:14:00+00:00,Australia,0.6559843719056766,1,1,en,CAU,Oceania
'8e26941aa4',extremes,Fog,#d60d2b,wmo,Fog Yakima Valley,2026-01-15T10:56:00+00:00,United States,0.6559756617609793,1,1,en,CNA,North-America
'da50c9766d',extremes,Fog,#d60d2b,wmo,Fog Kittitas Valley,2026-01-15T12:14:00+00:00,United States,0.6559650549453324,1,1,en,CNA,North-America
'592e20b0c2',extremes,Snow&Ice,#d60d2b,wmo,Freezing Pribilof Islands Nearshore Waters,2026-01-15T10:56:00+00:00,United States,0.6559476522244663,1,1,en,CNA,North-America
'ee76898d40',extremes,Storm,#b3b2b1,wmo,Storm Kuskokwim Delta from 15 to 80 NM,2026-01-15T10:56:00+00:00,United States,0.6559473894025551,1,1,en,CNA,North-America
'584710ade2',extremes,Storm,#b3b2b1,wmo,Storm Surge Pribilof Islands Nearshore Waters,2026-01-15T10:56:00+00:00,United States,0.6559223830224669,1,1,en,CNA,North-America
'68c47e3afd',extremes,Storm,#b3b2b1,wmo,Storm North and West of Nunivak Island,2026-01-15T12:14:00+00:00,United States,0.6559138019208673,1,1,en,CNA,North-America
'0387dbeadc',extremes,Storm,#b3b2b1,wmo,Storm Surge Northwest Prince William Sound,2026-01-15T10:56:00+00:00,United States,0.6559093256582138,1,1,en,CNA,North-America
'bf4a0ea9bf',extremes,Storm,#b3b2b1,wmo,Storm Surge The Islands to Vermilion OH,2026-01-15T10:56:00+00:00,United States,0.6559011246743631,1,1,en,CNA,North-America
'9218069c7f',extremes,Storm,#b3b2b1,wmo,Storm Cook Inlet North Kalgin Island,2026-01-15T10:56:00+00:00,United States,0.6558972292227991,1,1,en,CNA,North-America
'30dd1a71a3',extremes,Storm,#b3b2b1,wmo,Storm Surge Saint Matthew Island Waters,2026-01-15T10:56:00+00:00,United States,0.6558971973850328,1,1,en,CNA,North-America
'1aa431e113',extremes,Storm,#b3b2b1,wmo,Storm Surge Buncombe,2026-01-15T12:14:00+00:00,United States,0.6558951910618168,1,1,en,CNA,North-America
'c50b88f6d8',extremes,Storm,#b3b2b1,wmo,Storm Surge Chiniak Bay,2026-01-15T10:56:00+00:00,United States,0.6558915070517877,1,1,en,CNA,North-America
'ad5b777a19',extremes,Storm,#b3b2b1,wmo,Storm Surge Starke,2026-01-15T12:14:00+00:00,United States,0.6558872789993727,1,1,en,CNA,North-America
'b8bea23b11',extremes,Snow&Ice,#d60d2b,wmo,Frost Pribilof Islands Nearshore Waters,2026-01-15T10:56:00+00:00,United States,0.6558848345149847,1,1,en,CNA,North-America
'1ee130b372',extremes,Storm,#b3b2b1,wmo,Storm Surge Cook Inlet North Kalgin Island,2026-01-15T10:56:00+00:00,United States,0.6558844584367162,1,1,en,CNA,North-America
'46a6ba2461',extremes,Snow&Ice,#d60d2b,wmo,Snow Cambria Somerset,2026-01-15T12:14:00+00:00,United States,0.6558822548847811,1,1,en,CNA,North-America
'c09090723a',extremes,Storm,#b3b2b1,wmo,Storm Surge Delta Junction,2026-01-15T12:14:00+00:00,United States,0.6558812779555451,1,1,en,CNA,North-America
'32e6fa37e6',extremes,Snow&Ice,#d60d2b,wmo,Frost The Islands to Vermilion OH,2026-01-15T12:14:00+00:00,United States,0.6558794797627767,1,1,en,CNA,North-America
'bcac033de3',extremes,Storm,#b3b2b1,wmo,Storm Surge Kiska to Attu Pacific Side,2026-01-15T12:14:00+00:00,United States,0.6558770441897952,1,1,en,CNA,North-America
'e25c70f8ae',extremes,Storm,#b3b2b1,wmo,Storm Unalaska Bay,2026-01-15T12:14:00+00:00,United States,0.6558748520023029,1,1,en,CNA,North-America
'42fab2fe29',extremes,Storm,#b3b2b1,wmo,Storm Lower Niagara River,2026-01-15T12:14:00+00:00,United States,0.655873192323308,1,1,en,CNA,North-America
'12f24484f4',extremes,Snow&Ice,#d60d2b,wmo,Frost Geneva on the Lake to Conneaut OH,2026-01-15T12:14:00+00:00,United States,0.655870924377553,1,1,en,CNA,North-America
'53e8150e3b',extremes,Storm,#b3b2b1,wmo,Storm Penobscot Bay,2026-01-15T10:56:00+00:00,United States,0.6558647108023478,1,1,en,CNA,North-America
'682743104c',extremes,Storm,#b3b2b1,wmo,Storm Ashe Watauga Grayson,2026-01-15T12:14:00+00:00,United States,0.6558622755148396,1,1,en,CNA,North-America
'cdd4957432',extremes,Storm,#b3b2b1,wmo,Storm Surge St. Andrews Bay Waterways,2026-01-15T12:14:00+00:00,United States,0.6558614076676381,1,1,en,CNA,North-America
'7f7a97d3ad',extremes,Snow&Ice,#d60d2b,wmo,Ice Central Aleutians,2026-01-15T12:14:00+00:00,United States,0.6558613058961695,1,1,en,CNA,North-America
'a8ed721e08',extremes,Fog,#d60d2b,wmo,Fog India,2025-12-15T03:54:00+00:00,India,0.6412500651079363,1,3,en,SAS,Asia
'aff561d50a',extremes,Storm,#b3b2b1,wmo,Storm New Zealand,2025-12-14T03:49:00+00:00,New Zealand,0.6369329952512194,1,3,en,NZ,Oceania
'829105287e',extremes,Storm,#b3b2b1,wmo,Storm Jamaica,2025-12-14T03:49:00+00:00,Jamaica,0.6346544964155424,1,3,en,CAR,North-America
'5aac2a6d30',extremes,Storm,#b3b2b1,wmo,Storm India,2025-12-16T03:47:00+00:00,India,0.6334068649763587,1,3,en,SAS,Asia
'd77b825e5b',extremes,Flood,#030ba1,wmo,Flood Canada,2025-12-15T03:54:00+00:00,Canada,0.6252979039768662,1,3,en,NEN,North-America
'2617cc6cc9',extremes,Earthquake,#870007,usgs,Earthquake New Zealand,2026-01-15T10:56:00+00:00,New Zealand,0.5934540088760949,2,2,en,NZ,Oceania
'95b2881221',extremes,Precipitation,#d60d2b,random,atmospheric river,2026-01-15T10:20:00+00:00,,0.3503173957904605,1,3,en,,
'b6cef22543',extremes,Drought,#edc291,random,water restriction,2026-01-15T10:20:00+00:00,,0.3140561925682326,1,3,en,,
'0053afc92f',extremes,Volcano,#b83202,random,lahar,2026-01-15T10:20:00+00:00,,0.2562914317228042,0,1,en,,
'f7a0f1c060',extremes,Cold Wave,#a7e9fa,random,coldest year,2026-01-15T10:20:00+00:00,,0.2417323084237956,1,2,en,,
'633ed59c63',extremes,Iceberg,#d60d2b,random,arctic sea ice,2026-01-15T10:20:00+00:00,,0.2410901849498939,1,2,en,,
'f3b91506ec',extremes,Cold Wave,#a7e9fa,random,record cold,2026-01-15T10:20:00+00:00,,0.2321129816627127,1,2,en,,
